customer_id,age,annual_income_k,spending_score,savings_ratio,credit_score
CUST-1000,64,32.483570765056164,19.308678494144075,0.43238442690503465,676.1514928204012
CUST-1001,21,28.829233126383322,18.8293152152541,0.4789606407753696,638.3717364576454
CUST-1002,29,27.65262807032524,22.712800217929825,0.3768291153593769,576.7135123214872
CUST-1003,62,31.20981135783017,10.43359877671101,0.31375410837434836,571.8856235379513
CUST-1004,19,24.93584439832788,21.571236662976368,0.35459879622393947,529.3848149332355
CUST-1005,44,37.32824384460777,18.871118497567323,0.4033764102343962,528.7625906893271
CUST-1006,48,27.278086377374088,20.55461294854933,0.34245032112888485,618.7849009172836
CUST-1007,68,26.996806550405974,18.541531251033618,0.3699146693885302,692.6139092254468
CUST-1008,68,29.93251387631033,14.711445355220498,0.4411272456051595,538.9578175014489
CUST-1009,53,31.044317975023777,10.201649380601122,0.3335906975550785,609.8430617934562
CUST-1010,53,33.69233289997705,20.85684140594985,0.394217585880588,584.9448152205356
CUST-1011,43,22.607390048162863,16.400778958026457,0.37696806145201067,652.8561113109458
CUST-1012,60,31.71809144784231,11.18479922318633,0.4162041984697398,580.7458859791842
CUST-1013,44,26.615389998470206,23.05838144420434,0.4515499761247976,646.5640059558099
CUST-1014,22,25.803912383886807,18.453938120743928,0.4165631715701782,648.777256356118
CUST-1015,37,27.60412881077355,19.071705116680914,0.3446832512996986,540.1896687959664
CUST-1016,28,34.06262911197099,26.781200142854114,0.39639949392098334,650.1766448946012
CUST-1017,27,31.80818012523817,16.77440122697438,0.41806978027542074,676.9018283232984
CUST-1018,57,29.820869804450243,27.82321827907003,0.2690127447955128,641.0951252187612
CUST-1019,55,30.435235341190857,18.504963247670663,0.40458803882677513,500.62155426995537
CUST-1020,23,28.90164056081244,21.78556285755873,0.47389470223707586,574.0864890863177
CUST-1021,25,25.95753198553406,17.491214782077318,0.44577010588510374,616.4375554829842
CUST-1022,40,27.351198981164806,22.56633716556678,0.40485387746740203,648.4322495266445
CUST-1023,64,26.489734530613237,18.361689267011158,0.3803945923433921,526.824252593394
CUST-1024,43,31.48060138532288,21.305276360899448,0.40025567283212304,588.2706433312427
CUST-1025,63,22.92314628974793,17.896773386173205,0.38286427417366153,559.886136538919
CUST-1026,60,29.193571441669953,22.020254284072692,0.49430929506052657,608.728890641592
CUST-1027,29,31.28775195361382,19.627770421169163,0.3040614392350479,598.6743062275392
CUST-1028,43,30.301151049705133,32.316210562426434,0.3903819517609439,615.0773671166806
CUST-1029,30,29.826441151473784,14.156609811902339,0.45714114072575107,637.5966516343387
CUST-1030,57,33.95515973521523,15.453062726026305,0.470139715546805,529.907446860386
CUST-1031,35,32.93428546900135,30.952278129049894,0.3504731837434656,571.6851135198614
CUST-1032,42,30.498256825438204,17.482621729419005,0.3224668284466934,603.4281487403014
CUST-1033,50,24.688481431369475,22.36796215317591,0.35402878828830986,677.4967202508769
CUST-1034,64,26.083733538318814,18.38969241897162,0.44067586086848354,538.4567841783022
CUST-1035,57,31.137299673020646,26.53571377141214,0.31962583827193863,609.2316929266152
CUST-1036,60,31.299413971242117,23.90911435888655,0.3381524644560959,533.9771693457861
CUST-1037,29,32.60970782808449,21.48492336616593,0.41252464251729387,617.3224104748488
CUST-1038,61,26.599876392107547,21.161268485805017,0.4146536236649341,564.2824290986816
CUST-1039,53,39.328872555723784,22.36916460455894,0.34043482513986756,632.8276804316915
CUST-1040,65,25.126591648863393,23.93542301871226,0.45792977895037024,558.9658840824145
CUST-1041,21,34.816880646221605,22.06390463468249,0.4411030079997245,694.8396491326973
CUST-1042,22,28.773059419985646,16.23131917821255,0.35552427851872387,559.209485751728
CUST-1043,54,29.614491452929478,21.70575987408322,0.413834539966501,641.3591624518012
CUST-1044,25,30.065009459389536,27.267670385786584,0.3867671583381022,736.008458329481
CUST-1045,59,33.128336738825034,15.714212217918586,0.3464553750969444,624.1236207621592
CUST-1046,66,28.882686073370746,23.57000247046046,0.42366188122867726,596.3585543671563
CUST-1047,45,25.766031409657977,12.425763876570677,0.377674252396649,642.8199397161736
CUST-1048,48,31.07046872065102,13.77130610644006,0.4086590462925591,619.2658689864419
CUST-1049,26,25.580712818994336,20.76862552972764,0.4029104359223,542.8514851084689
CUST-1050,68,62.86229888278626,54.486276210945874,0.25415256215876386,742.1520820813961
CUST-1051,46,48.97864505634327,42.49739968067902,0.225751763360433,720.5514380364883
CUST-1052,31,64.12038149044838,80.82185192523777,0.22854452553465837,745.422625607224
CUST-1053,57,67.63201410794562,55.21113001044638,0.18423653776798274,730.3587688197307
CUST-1054,58,53.817398283699426,48.10545114607993,0.17573182260854484,703.2749655754529
CUST-1055,39,78.51726853338806,35.06187845926601,0.2343130095187257,635.4913651524139
CUST-1056,28,56.22454507368453,58.71160477573893,0.20321400095477316,656.8902088828278
CUST-1057,40,54.27757032592025,55.4367819914774,0.1634816684141432,708.658343583279
CUST-1058,18,60.36457471923051,44.78719721915346,0.3071972044662663,725.3567608927204
CUST-1059,63,43.798859306739146,51.49163451815542,0.1669106767615806,734.0973333918489
CUST-1060,54,53.6598340925384,49.082108468264806,0.22524936394902287,734.6302077668049
CUST-1061,38,50.39762874355379,47.323990113272416,0.1762527344419522,673.8668306970516
CUST-1062,43,74.12363392224877,53.23985368768764,0.13695580228324775,736.7144778821911
CUST-1063,63,76.97724957610106,58.25972208440918,0.12403150170229933,680.6306370853499
CUST-1064,53,70.13528919349298,44.33864427504975,0.22219097140731142,730.9853621371735
CUST-1065,40,52.58455622737534,49.5237971515056,0.03793663299654637,659.0244943466284
CUST-1066,18,57.97945478885472,40.017734544281204,0.2816205651965818,642.7943448815747
CUST-1067,68,56.47964410642413,51.04592461828873,0.27206366445330576,642.5655139528225
CUST-1068,57,69.30531001723968,50.0818644881567,0.15092456744760246,718.4841389705308
CUST-1069,32,61.59247756458776,45.19826498272964,0.20349010424950095,684.5874561255296
CUST-1070,38,60.90813876200998,55.29704539616837,0.27930084080726764,650.4873800469261
CUST-1071,64,77.06426699725013,34.38329760381998,0.19241074524822085,723.532688259383
CUST-1072,26,62.24793494188026,45.01840384143525,0.18959388748213624,680.2799626136467
CUST-1073,26,55.285081944446304,56.7968167761682,0.2178507742982524,672.2836161895739
CUST-1074,27,67.19679900346601,52.45839616701287,0.24064310594194802,725.1851536769445
CUST-1075,69,53.36803991262342,45.518551678424245,0.2373646802561631,724.4148106173386
CUST-1076,43,59.83278724828681,50.93861906647025,0.26388324478942127,676.3371444465668
CUST-1077,58,64.37677904936031,48.38245878052885,0.189115939838639,743.9510740794876
CUST-1078,52,66.60333079190424,56.50807708800511,0.26527394035771645,700.8401536653104
CUST-1079,69,65.45562377035971,47.51786594725235,0.2162083176244221,694.7942778252926
CUST-1080,42,60.77596771994175,54.76125620349531,0.15908896583832638,783.6954910274184
CUST-1081,43,51.951860948002384,40.286491097698146,0.2579055436750034,731.6665077585175
CUST-1082,28,64.99295853641723,55.02676407411424,0.1993876613576543,664.1098251405667
CUST-1083,55,60.60643646554981,44.58270630790311,0.24875598667088758,694.1177047399144
CUST-1084,19,53.39602242565991,47.42891326677605,0.22064657271378124,677.451017887841
CUST-1085,24,53.422236835468546,51.9494976919353,0.21224832855543616,679.7222729851549
CUST-1086,35,56.23169355505342,51.85639949886109,0.1275957829251338,643.7014490249378
CUST-1087,44,54.252446229980514,48.292422786305224,0.21554537827990025,759.0142486779821
CUST-1088,51,66.86127698561616,48.72049176029258,0.19904918960486556,659.8988254144876
CUST-1089,44,59.85189491206088,47.690730888638896,0.21613592801690448,666.9107622579071
CUST-1090,34,64.15477211392938,62.26191130402062,0.19456199257715712,716.0684688839576
CUST-1091,60,65.5211519336889,46.79023622491331,0.21120462409052085,700.5036960312718
CUST-1092,61,60.78140878839066,43.815921729156265,0.20122550871294714,719.919931649818
CUST-1093,68,71.60914886236033,57.67416660868165,0.30765912287557784,669.3060974844781
CUST-1094,41,66.97856509376543,51.46673604590681,0.30949014666088365,667.6680685857939
CUST-1095,42,53.282225262553794,45.204858836447826,0.09380521378450966,678.9697991327696
CUST-1096,24,53.926938707570415,51.20315029180966,0.21708779878885798,775.0468335686354
CUST-1097,69,67.60339070548841,45.384770754700774,0.1550792664325821,719.6767668602603
CUST-1098,23,49.43813434383486,64.65167012683483,0.25897200603606435,681.2329739158118
CUST-1099,41,46.29492376727298,60.8309789933233,0.1942730077373691,749.5126524789384
CUST-1100,50,84.05572341205632,79.00624977046228,0.10026218498590916,801.4094178129423
CUST-1101,66,95.49934528520757,91.22849932347499,0.046618978530870284,795.7286154493612
CUST-1102,46,101.20295631711899,90.14438834058748,0.1355807439044445,766.2607372448639
CUST-1103,60,84.65885829264377,97.7767682189851,0.11661570059897959,777.5454039033034
CUST-1104,39,115.51151975522524,86.15674634292859,0.15896485920319134,802.0255544423032
CUST-1105,43,120.60747924881987,102.55340842443204,0.08755179257604633,829.1471285286307
CUST-1106,45,106.45375949585147,98.68631557532349,0.05175382697099478,820.5815437999531
CUST-1107,67,110.58424486849587,67.41260513576886,0.040837074366711246,738.823034667197
CUST-1108,38,97.30593165555442,92.17542255795962,0.17511785260480142,802.2228434125933
CUST-1109,66,116.28615545571292,71.19898541785109,0.01483087803224227,798.3335690331014
CUST-1110,24,103.84065448939307,84.67305251905907,-0.003372105001993836,797.3263988146164
CUST-1111,34,86.95530499495146,91.69672548830039,0.11832991230484242,771.8036064101793
CUST-1112,37,94.86133082663306,74.40786478111049,0.09686604513634141,828.6542696150372
CUST-1113,58,90.14273953664457,90.04046515517844,0.07348711908137796,776.2138150321297
CUST-1114,66,98.92969640045442,74.64757677580626,0.07231753473264091,764.0636632223345
CUST-1115,37,119.6472513291639,85.35263551971728,0.06501372460037072,806.4193973220266
CUST-1116,39,98.8767195030917,82.79030400466777,0.13070833500217127,822.7252313014192
CUST-1117,45,94.69498852389472,79.2418175935532,0.08624741514241781,730.9423650579324
CUST-1118,57,84.84808937801448,98.66874267444524,0.18224838567506418,792.5289188133087
CUST-1119,66,105.76556963055766,88.11250154543536,0.25394404042276186,833.5872473430373
CUST-1120,24,98.72082408519233,75.44459559399574,0.019677683987121372,806.1039090760167
CUST-1121,18,92.43649254715697,70.77746290402325,0.06767135578787367,767.5535598915682
CUST-1122,49,116.87141635072564,93.81639756949451,0.09960136793416914,844.3983241667008
CUST-1123,30,100.77368307647619,76.38715798671737,0.17615620386348288,816.1673013105398
CUST-1124,47,89.62753845673544,83.09661321916391,0.05621908733076214,758.5160080710699
CUST-1125,40,109.26177547531641,104.0941664047013,0.030071621309042937,816.8890771007171
CUST-1126,68,93.49357430878173,80.12874616235304,0.07038030378805654,774.0802769096056
CUST-1127,36,100.48521627944827,76.69049883588963,0.11352284128899195,798.4928567165259
CUST-1128,49,97.6105195313359,75.92436337958402,0.07116143347158337,822.6617367747726
CUST-1129,47,105.00917187624381,75.22444755201448,0.1049666152714613,822.5416137011537
CUST-1130,46,83.30594718878629,90.43360192379934,0.06686881205270767,817.1179600577948
CUST-1131,66,92.36740843457483,66.9511789933548,0.018622878105841872,801.4425483998415
CUST-1132,62,102.59722501721483,75.95683374895592,0.1319296229388687,750.1543981319312
CUST-1133,46,99.33920201352683,72.88983800237543,0.06740819460989204,801.4219601394924
CUST-1134,47,91.39586634716048,81.15444455770175,0.15031464046072204,782.6932439143055
CUST-1135,33,108.35692112065142,73.70293145342382,0.12649020889576415,843.247058619737
CUST-1136,57,75.28355499872711,77.03104744529523,0.128853606359027,793.9086384187102
CUST-1137,36,103.71145873371309,78.9601481328418,0.104329489373645,795.3296829382376
CUST-1138,35,111.67782061659807,87.54420843301213,0.11688013310376011,787.643691016326
CUST-1139,18,95.12393775927507,80.6744181218038,0.11972260711891484,787.3704655753921
CUST-1140,31,102.89774856896413,105.75400798645438,0.1435562351715846,790.2192940349647
CUST-1141,68,112.01213922163944,80.91924626978448,-0.0019062267588926957,769.7574106724779
CUST-1142,64,81.29208078974145,81.48486515958692,0.10092091895947759,850.2931193682584
CUST-1143,67,103.26927373764163,82.80899471191135,0.14147027905917448,733.6659407297634
CUST-1144,19,102.35614558108566,92.70865193886966,0.026070687711007928,834.3126212962079
CUST-1145,45,103.38496407494414,80.84712086099199,0.13163909330531426,868.1207857341319
CUST-1146,66,101.81866255058495,87.48220586300336,0.07703195502298779,774.5046689160563
CUST-1147,67,108.30335816544246,76.43916174091133,0.10357831186096964,785.6702765970465
CUST-1148,47,104.78979825746391,88.33662105286949,0.15187699721289497,784.6995080343576
CUST-1149,55,97.30125064706628,75.21236284217693,0.07778533699619443,811.3190147913456
